Legend,Volume/[m^3],Box size/[m],Temperature/[K],Number of wat,Number of Na,Number of Cl,Pressure/[Pa],Tot Energy/[kJ],Potential Energy/[kJ],Density/[kg/m^3],Molarity/[mol/l],Molality/[mol/kg],Viscosity shear/[Pa*s],Viscosity bulk/[Pa*s],Thermal conductivity/[W/(m*K)],Self diffusivity YH_cor wat/[m^2/s],Self diffusivity YH_cor Na/[m^2/s],Self diffusivity YH_cor Cl/[m^2/s],Onsager watwat/[m^2/s],Onsager watNa/[m^2/s],Onsager watCl/[m^2/s],Onsager NaNa/[m^2/s],Onsager NaCl/[m^2/s],Onsager ClCl/[m^2/s],E conduct NEYH_cor /[S/m],E conduct Ons/[S/m],sig ++/[S/m],sig +-/[S/m],sig --/[S/m]
Mean,1.698276666666667e-26,2.5704124337444906e-09,298.1500886666667,555.0,10.0,10.0,-497274.7076886506,-27359.936246746667,-31558.056674933334,1034.8899000000001,0.9777789039498407,1.0001519830953511,0.0009332924233712739,0.002273776581791224,1.0139680658701367,2.209133247032106e-09,1.4345425688973171e-09,1.7071748410205174e-09,1.1628266520786525e-10,-2.2852077822760192e-11,-4.4405046871755225e-11,1.8529946423598226e-11,2.8145228807627774e-13,2.295889937677932e-11,11.536159126690585,8.700357714245722,3.912335835145362,-0.059424665746586315,4.847446544846946
std,2.3041026211718757e-30,1.162417137151908e-13,0.0658951007536476,0.0,0.0,0.0,1382391.9412773503,7.882987966204979,7.537180411913275,0.1392049089173409,0.00013264633108325293,0.0,1.3486541900175467e-05,8.72549738435963e-05,0.0600291754029971,5.815668242251486e-12,4.235468035977871e-11,2.351500512575745e-11,3.222637223924933e-12,5.464831967997453e-13,9.783232104510933e-13,5.141088994493183e-13,6.650014459832298e-14,9.224985175897793e-13,0.17791003975338432,0.22343000368987162,0.1085515569163549,0.014040572461569279,0.19477655777982156
# success,3.0,3.0,3.0,3.0,3.0,3.0,3.0,3.0,3.0,3.0,3.0,3.0,3.0,3.0,3.0,3.0,3.0,3.0,3.0,3.0,3.0,3.0,3.0,3.0,3.0,3.0,3.0,3.0,3.0
