Legend,Volume/[m^3],Box size/[m],Temperature/[K],Number of wat,Number of Na,Number of Cl,Pressure/[Pa],Tot Energy/[kJ],Potential Energy/[kJ],Density/[kg/m^3],Molarity/[mol/l],Molality/[mol/kg],Viscosity shear/[Pa*s],Viscosity bulk/[Pa*s],Thermal conductivity/[W/(m*K)],Self diffusivity wat/[m^2/s],Self diffusivity Na/[m^2/s],Self diffusivity Cl/[m^2/s],Self diffusivity YH_cor wat/[m^2/s],Self diffusivity YH_cor Na/[m^2/s],Self diffusivity YH_cor Cl/[m^2/s],Onsager watwat/[m^2/s],Onsager watNa/[m^2/s],Onsager watCl/[m^2/s],Onsager NaNa/[m^2/s],Onsager NaCl/[m^2/s],Onsager ClCl/[m^2/s],E conduct NE/[S/m],E conduct NEYH_cor /[S/m],E conduct Ons/[S/m],sig ++/[S/m],sig +-/[S/m],sig --/[S/m]
Mean,1.7331533333333335e-26,2.5878891024808664e-09,298.15227,555.0,20.0,20.0,-581309.9254940199,-32368.00684514667,-36640.527217120005,1070.0563333333332,1.916205624937282,2.0003039661907023,0.001082094114749256,0.0025603063544745934,1.1176866397263716,1.7507401404901404e-09,1.0288288826326934e-09,1.289123166524521e-09,1.9721074812127267e-09,1.2501962233552793e-09,1.5104905072471065e-09,1.921916647563157e-10,-3.67272067533173e-11,-7.369994679478669e-11,2.829839006170467e-11,4.42486760502257e-13,3.6646880842995724e-11,16.680030524470165,19.86595837980785,13.808859921275904,6.0581649233330745,-0.09472827838152204,7.845423276324352
std,1.697710877100266e-30,8.449721388476624e-14,0.06744689780692513,0.0,0.0,0.0,1468794.1735574922,8.578358155363691,8.214987763718067,0.10269931299138464,0.0001876906184326101,0.0,2.3264300918166768e-05,0.00032921700487517484,0.04354408342761981,5.160197765160189e-12,3.321874983027032e-12,1.596980333649412e-11,1.968493609746983e-12,1.7101905633723627e-12,1.226234293121609e-11,4.421740141690885e-12,7.822613994268674e-13,1.920029476740822e-12,1.2158161491727141e-12,4.731501957290763e-13,2.2715017373075145e-12,0.11745086650255039,0.0892286089173932,0.5607979241927223,0.2602881638090749,0.101292758674812,0.48629059636188543
# success,3.0,3.0,3.0,3.0,3.0,3.0,3.0,3.0,3.0,3.0,3.0,3.0,3.0,3.0,3.0,3.0,3.0,3.0,3.0,3.0,3.0,3.0,3.0,3.0,3.0,3.0,3.0,3.0,3.0,3.0,3.0,3.0,3.0
