Legend,Volume/[m^3],Box size/[m],Temperature/[K],Number of wat,Number of Na,Number of Cl,Pressure/[Pa],Tot Energy/[kJ],Potential Energy/[kJ],Density/[kg/m^3],Molarity/[mol/l],Molality/[mol/kg],Viscosity shear/[Pa*s],Viscosity bulk/[Pa*s],Thermal conductivity/[W/(m*K)],Self diffusivity YH_cor wat/[m^2/s],Self diffusivity YH_cor Na/[m^2/s],Self diffusivity YH_cor Cl/[m^2/s],Onsager watwat/[m^2/s],Onsager watNa/[m^2/s],Onsager watCl/[m^2/s],Onsager NaNa/[m^2/s],Onsager NaCl/[m^2/s],Onsager ClCl/[m^2/s],E conduct NEYH_cor /[S/m],E conduct Ons/[S/m],sig ++/[S/m],sig +-/[S/m],sig --/[S/m]
Mean,1.8783233333333337e-26,2.658215080017999e-09,298.1505446666667,555.0,60.0,60.0,-699764.5497520299,-52348.023812533334,-56917.99669679999,1194.0186333333334,5.304323442760365,6.000911898572107,0.0016883964833322759,0.0043463402594718726,1.0421663905710117,1.3200357286768257e-09,8.736724868089632e-10,1.0181800892580511e-09,2.5501185298828395e-10,-4.6248068137693724e-11,-1.0143345416364927e-10,4.380877898982443e-11,-6.0336078476834106e-12,5.6261128620500715e-11,37.68513585733536,23.77743977651557,9.817399542482434,1.3521111587502594,12.607929075282875
std,1.7556258776360096e-30,8.281902228101724e-14,0.06745890232496307,0.0,0.0,0.0,1796329.4492990067,10.5352453414059,10.213111805298631,0.11250393573370152,0.0004957816693215953,0.0,1.1010247918115102e-05,0.00013193882294494584,0.07459470350644128,1.1163249829708326e-11,4.9431177406981266e-12,1.4716620008891108e-11,3.88255622315786e-12,1.86860654956449e-12,1.985163079039163e-12,1.2233747366412047e-12,6.617416003136049e-13,2.1641664934560636e-12,0.3093830245577703,0.5765357269524739,0.27416468435805397,0.14829442904544238,0.48499222954422294
# success,3.0,3.0,3.0,3.0,3.0,3.0,3.0,3.0,3.0,3.0,3.0,3.0,3.0,3.0,3.0,3.0,3.0,3.0,3.0,3.0,3.0,3.0,3.0,3.0,3.0,3.0,3.0,3.0,3.0
