Legend,Volume/[m^3],Box size/[m],Temperature/[K],Number of wat,Number of Na,Number of Cl,Pressure/[Pa],Tot Energy/[kJ],Potential Energy/[kJ],Density/[kg/m^3],Molarity/[mol/l],Molality/[mol/kg],Viscosity shear/[Pa*s],Viscosity bulk/[Pa*s],Self diffusivity wat/[m^2/s],Self diffusivity Na/[m^2/s],Self diffusivity Cl/[m^2/s],Self diffusivity YH_cor wat/[m^2/s],Self diffusivity YH_cor Na/[m^2/s],Self diffusivity YH_cor Cl/[m^2/s],Onsager watwat/[m^2/s],Onsager watNa/[m^2/s],Onsager watCl/[m^2/s],Onsager NaNa/[m^2/s],Onsager NaCl/[m^2/s],Onsager ClCl/[m^2/s],E conduct NE/[S/m],E conduct NEYH_cor /[S/m],E conduct Ons/[S/m],sig ++/[S/m],sig +-/[S/m],sig --/[S/m]
Mean,3.383546666666667e-26,3.2343776176106846e-09,297.9986797666666,1000.0,108.0,108.0,-488611.6224447766,-94291.45835933334,-102523.62361386667,1193.9584,5.300302885483669,5.994910986673535,0.0016918333993037517,0.004368794015144324,1.2003370193604845e-09,7.506611341801165e-10,8.829181990588273e-10,1.3135300201338233e-09,8.638541349534553e-10,9.961111998321662e-10,2.649320586974396e-10,-4.317391681215189e-11,-1.0287574644379745e-10,4.28332670203763e-11,-7.048836166924085e-12,5.633888893186385e-11,32.53231583581078,37.04073532500715,25.397958609497756,9.604301157280862,1.5805272412040594,12.632602969808774
std,3.87327022323858e-30,1.2341977082222916e-13,0.16052155424959477,0.0,0.0,0.0,3960394.091410865,40.11236790075511,38.804805292526176,0.13701162967666689,0.0006067855548641339,0.0,2.1004292448383233e-05,0.00033269165800380333,5.979320854760034e-12,5.841288227046636e-13,3.535147628432112e-12,5.94869580204199e-12,9.057313414525081e-13,4.012691000225158e-12,1.1745056727800856e-11,2.421680705430629e-12,1.2267698984659816e-12,1.2842965560436535e-12,1.5589330649923146e-12,1.1062278235532223e-12,0.07357079683988,0.08442342458531944,0.795861956561464,0.2880203173598371,0.3495532817686238,0.2481417755511788
# success,3.0,3.0,3.0,3.0,3.0,3.0,3.0,3.0,3.0,3.0,3.0,3.0,3.0,3.0,3.0,3.0,3.0,3.0,3.0,3.0,3.0,3.0,3.0,3.0,3.0,3.0,3.0,3.0,3.0,3.0,3.0,3.0
