Legend,Volume/[m^3],Box size/[m],Temperature/[K],Number of wat,Number of Na,Number of Cl,Pressure/[Pa],Tot Energy/[kJ],Potential Energy/[kJ],Density/[kg/m^3],Molarity/[mol/l],Molality/[mol/kg],Viscosity shear/[Pa*s],Viscosity bulk/[Pa*s],Thermal conductivity/[W/(m*K)],Self diffusivity wat/[m^2/s],Self diffusivity Na/[m^2/s],Self diffusivity Cl/[m^2/s],Self diffusivity YH_cor wat/[m^2/s],Self diffusivity YH_cor Na/[m^2/s],Self diffusivity YH_cor Cl/[m^2/s],Onsager watwat/[m^2/s],Onsager watNa/[m^2/s],Onsager watCl/[m^2/s],Onsager NaNa/[m^2/s],Onsager NaCl/[m^2/s],Onsager ClCl/[m^2/s],E conduct NE/[S/m],E conduct NEYH_cor /[S/m],E conduct Ons/[S/m],sig ++/[S/m],sig +-/[S/m],sig --/[S/m]
Mean,3.059946666666667e-26,3.127792631005514e-09,298.1485111530151,1000.0,18.0,18.0,-189125.4547574654,-49284.93760621326,-56851.936663437875,1034.7882000000002,0.9768047157782863,0.9991518311122558,0.0009525099744858321,0.0021054458359769652,1.0755081686286467,1.9823214311380287e-09,1.1943150751832492e-09,1.500812937062937e-09,2.190299851005255e-09,1.4022934950504755e-09,1.7087913569301635e-09,1.2722885315947534e-10,-2.5323671593763755e-11,-4.7371436888876385e-11,1.9214805227965447e-11,1.1899071982363251e-13,2.3739427894460717e-11,9.886507630443027,11.412357405030281,9.018699049072586,4.056829398901355,-0.025122557561727616,5.012114765294686
std,2.027039439403768e-30,6.906719536398779e-14,0.05095052501847475,0.0,0.0,0.0,972009.4883350622,10.828149058504827,10.306493469279308,0.0694378859124526,6.471074993307789e-05,0.0,3.6034157225964774e-06,0.00012093240083490228,0.003933482122611199,4.823833317820339e-12,7.184510428050783e-12,5.94147640988916e-12,5.580978913594237e-12,6.427898334447008e-12,6.6919001945764965e-12,3.905822199750366e-12,1.6727009364167077e-13,1.6734768030600862e-12,8.95575927900485e-13,7.955262187586992e-13,1.0575633958518725e-13,0.03424742539301063,0.03410217113631527,0.38612913875638843,0.18908476044337522,0.16795976408716173,0.02234726634535378
# success,3.0,3.0,3.0,3.0,3.0,3.0,3.0,3.0,3.0,3.0,3.0,3.0,3.0,3.0,3.0,3.0,3.0,3.0,3.0,3.0,3.0,3.0,3.0,3.0,3.0,3.0,3.0,3.0,3.0,3.0,3.0,3.0,3.0
