Legend,Volume/[m^3],Box size/[m],Temperature/[K],Number of wat,Number of Na,Number of Cl,Pressure/[Pa],Tot Energy/[kJ],Potential Energy/[kJ],Density/[kg/m^3],Molarity/[mol/l],Molality/[mol/kg],Viscosity shear/[Pa*s],Viscosity bulk/[Pa*s],Self diffusivity wat/[m^2/s],Self diffusivity Na/[m^2/s],Self diffusivity Cl/[m^2/s],Self diffusivity YH_cor wat/[m^2/s],Self diffusivity YH_cor Na/[m^2/s],Self diffusivity YH_cor Cl/[m^2/s],Onsager watwat/[m^2/s],Onsager watNa/[m^2/s],Onsager watCl/[m^2/s],Onsager NaNa/[m^2/s],Onsager NaCl/[m^2/s],Onsager ClCl/[m^2/s],E conduct NE/[S/m],E conduct NEYH_cor /[S/m],E conduct Ons/[S/m],sig ++/[S/m],sig +-/[S/m],sig --/[S/m]
Mean,3.059996666666667e-26,3.1278096651552786e-09,298.0023996349267,1000.0,18.0,18.0,-466498.60416461626,-49307.920390162304,-56871.199784372766,1034.7796666666666,0.9767887604134365,0.9991518311122558,0.0009288749166478359,0.0021724215121163844,1.9786208797115494e-09,1.1684047843238904e-09,1.4709762952343053e-09,2.1918043231744582e-09,1.3815882277867992e-09,1.6841597386972145e-09,1.2317551917083907e-10,-2.518313445217908e-11,-4.642874679992858e-11,1.8771897611813858e-11,6.445359985450447e-13,2.3223993371950312e-11,9.68660062766715,11.251378744210836,8.598520115420163,3.9651965748694114,-0.13614563570826435,4.90561481196728
std,3.065217048686312e-30,1.0443573367278563e-13,0.16430686130946107,0.0,0.0,0.0,3117203.9792250204,32.588104769056145,31.19068691831287,0.10231354857592757,9.78386091770858e-05,0.0,9.394895414994218e-06,3.156940439274134e-05,1.3186725306440196e-12,1.959025201638384e-11,1.774696317788936e-11,8.690836826481973e-13,2.0452958821299038e-11,1.988259375649951e-11,8.755316675791466e-12,4.3070159265457905e-13,1.345840673939747e-12,8.561177843225682e-13,5.0909982596050525e-14,5.631706013702837e-13,0.09716360615266043,0.10487500971071873,0.21757623943823207,0.18085180484533991,0.010754009699367819,0.1189905451938551
# success,3.0,3.0,3.0,3.0,3.0,3.0,3.0,3.0,3.0,3.0,3.0,3.0,3.0,3.0,3.0,3.0,3.0,3.0,3.0,3.0,3.0,3.0,3.0,3.0,2.0,3.0,3.0,3.0,3.0,3.0,3.0,3.0
