Legend,Volume/[m^3],Box size/[m],Temperature/[K],Number of wat,Number of Na,Number of Cl,Pressure/[Pa],Tot Energy/[kJ],Potential Energy/[kJ],Density/[kg/m^3],Molarity/[mol/l],Molality/[mol/kg],Viscosity shear/[Pa*s],Viscosity bulk/[Pa*s],Thermal conductivity/[W/(m*K)],Self diffusivity wat/[m^2/s],Self diffusivity Na/[m^2/s],Self diffusivity Cl/[m^2/s],Self diffusivity YH_cor wat/[m^2/s],Self diffusivity YH_cor Na/[m^2/s],Self diffusivity YH_cor Cl/[m^2/s],Onsager watwat/[m^2/s],Onsager watNa/[m^2/s],Onsager watCl/[m^2/s],Onsager NaNa/[m^2/s],Onsager NaCl/[m^2/s],Onsager ClCl/[m^2/s],E conduct NE/[S/m],E conduct NEYH_cor /[S/m],E conduct Ons/[S/m],sig ++/[S/m],sig +-/[S/m],sig --/[S/m]
Mean,1.8045000000000004e-26,2.6229235261448736e-09,298.15000233333336,555.0,40.0,40.0,-149311.71963483826,-42369.481294933335,-46790.70767946667,1135.3056,3.6808846270403848,4.0006079323814046,0.0013229612443338178,0.003508004656489094,1.0638620873416376,1.441958824464678e-09,8.576818807148541e-10,1.0606728606032983e-09,1.6206100162865304e-09,1.036333072536706e-09,1.2393240524251505e-09,2.4991771431415545e-10,-4.5610565751630745e-11,-9.96213266875222e-11,4.136473269957416e-11,-4.584994119100589e-12,5.259983882005048e-11,26.517630356349734,31.45666083430816,21.6259025202529,9.077154945732135,1.0061397554921254,11.54260781902864
std,1.4142135623729287e-30,6.852207543002312e-14,0.06584789429097607,0.0,0.0,0.0,1635673.1326192715,9.485322470031132,9.148932284982463,0.08789679554272281,0.00028849240529221,0.0,2.934290157210084e-05,0.00014473029656434343,0.018719470150119624,2.501808947846163e-12,8.91730365971418e-12,7.533570769636339e-12,4.236300470571406e-12,9.08184377295129e-12,3.8164582211106915e-12,3.7297403665273175e-12,2.903101283853329e-12,3.449140460383236e-12,1.2525273302447843e-12,1.1711672409287894e-12,1.6207545625222102e-12,0.16148511705710647,0.13637298919360863,0.5178008387950878,0.274865190755633,0.25700325599917384,0.35567172373869255
# success,3.0,3.0,3.0,3.0,3.0,3.0,3.0,3.0,3.0,3.0,3.0,3.0,3.0,3.0,3.0,3.0,3.0,3.0,3.0,3.0,3.0,3.0,3.0,3.0,3.0,3.0,3.0,3.0,3.0,3.0,3.0,3.0,3.0
