Legend,Volume/[m^3],Box size/[m],Temperature/[K],Number of wat,Number of Na,Number of Cl,Pressure/[Pa],Tot Energy/[kJ],Potential Energy/[kJ],Density/[kg/m^3],Molarity/[mol/l],Molality/[mol/kg],Viscosity shear/[Pa*s],Viscosity bulk/[Pa*s],Self diffusivity wat/[m^2/s],Self diffusivity Na/[m^2/s],Self diffusivity Cl/[m^2/s],Self diffusivity YH_cor wat/[m^2/s],Self diffusivity YH_cor Na/[m^2/s],Self diffusivity YH_cor Cl/[m^2/s],Onsager watwat/[m^2/s],Onsager watNa/[m^2/s],Onsager watCl/[m^2/s],Onsager NaNa/[m^2/s],Onsager NaCl/[m^2/s],Onsager ClCl/[m^2/s],E conduct NE/[S/m],E conduct NEYH_cor /[S/m],E conduct Ons/[S/m],sig ++/[S/m],sig +-/[S/m],sig --/[S/m]
Mean,3.266286666666667e-26,3.196574018534137e-09,298.00060156666666,1000.0,76.0,76.0,-796680.938282284,-78323.77029597334,-86318.12749234668,1141.7476666666669,3.863744492102652,4.218641064696191,0.0013859930366834662,0.00329308818753578,1.4297996390358656e-09,8.701653944281072e-10,1.0587041405228407e-09,1.5696357847765662e-09,1.010001540168808e-09,1.1985402862635416e-09,2.6270960043904073e-10,-4.616803800682734e-11,-1.0066440092190344e-10,3.9817977973505224e-11,-2.690330284018968e-12,5.472472729503459e-11,28.001578372121052,32.06160702959389,21.395990155244032,8.76188900080495,0.5920033242211157,12.042097830217966
std,4.187547678005143e-30,1.3660782317981553e-13,0.16249901577166895,0.0,0.0,0.0,3659527.087874373,37.24364124116895,35.900921739147655,0.1458269598606706,0.0004953744951764451,0.0,2.686864761174782e-05,0.0002942229722768579,7.586640482557196e-12,7.617351264894403e-12,4.146023672466986e-12,1.009992784981185e-11,6.5914019493256045e-12,6.5783055327047455e-12,1.8753300906057222e-12,1.9798499522650696e-12,2.2519185319629616e-12,2.8913382268874305e-12,1.0965481213089025e-12,7.33376236587544e-13,0.12687391565746176,0.13637665282303874,0.6994312797332257,0.6362537651121999,0.24129407081013118,0.1615193101699932
# success,3.0,3.0,3.0,3.0,3.0,3.0,3.0,3.0,3.0,3.0,3.0,3.0,3.0,3.0,3.0,3.0,3.0,3.0,3.0,3.0,3.0,3.0,3.0,3.0,3.0,3.0,3.0,3.0,3.0,3.0,3.0,3.0
