Legend,Volume/[m^3],Box size/[m],Temperature/[K],Number of wat,Number of Na,Number of Cl,Pressure/[Pa],Tot Energy/[kJ],Potential Energy/[kJ],Density/[kg/m^3],Molarity/[mol/l],Molality/[mol/kg],Viscosity shear/[Pa*s],Viscosity bulk/[Pa*s],Thermal conductivity/[W/(m*K)],Self diffusivity wat/[m^2/s],Self diffusivity Na/[m^2/s],Self diffusivity Cl/[m^2/s],Self diffusivity YH_cor wat/[m^2/s],Self diffusivity YH_cor Na/[m^2/s],Self diffusivity YH_cor Cl/[m^2/s],Onsager watwat/[m^2/s],Onsager watNa/[m^2/s],Onsager watCl/[m^2/s],Onsager NaNa/[m^2/s],Onsager NaCl/[m^2/s],Onsager ClCl/[m^2/s],E conduct NE/[S/m],E conduct NEYH_cor /[S/m],E conduct Ons/[S/m],sig ++/[S/m],sig +-/[S/m],sig --/[S/m]
Mean,3.1225700000000007e-26,3.148985980381064e-09,298.1572097923681,1000.0,36.0,36.0,-168313.94094411828,-58295.05291122335,-65996.12342861952,1069.9769000000003,1.9144296867163806,1.9983036622245116,0.0009862168449784516,0.002579108007415939,1.1424143041796262,1.7929109428014387e-09,1.0683025798275798e-09,1.3467264677092998e-09,1.992807415493572e-09,1.2681990525197128e-09,1.5466229404014329e-09,1.9645502004188585e-10,-3.905923284927417e-11,-7.721732551008991e-11,2.9124296864034065e-11,8.017857378837875e-13,3.909020005670146e-11,17.3622044431035,20.236408734663325,14.260024088600943,6.2349107458026625,-0.1716457752199451,8.36840489323817
std,3.256787783484276e-30,1.0947531304463577e-13,0.04740542962790048,0.0,0.0,0.0,1045894.134869335,10.92042775397678,10.378671462083574,0.11228448987582496,0.0001996572254154166,0.0,4.2570279886076955e-05,0.00022670598684450363,0.03726718787094442,1.279994452191775e-11,2.74819123747635e-11,6.190563586625777e-11,1.947042437121696e-11,2.893346758081735e-11,6.817109488538994e-11,5.618722330679732e-12,1.4512436068003482e-13,1.3492697707804859e-12,6.909782494268565e-13,1.249468684541203e-13,1.1551554165442981e-12,0.4869490487374573,0.5324270869719414,0.29309663236223005,0.147928930310583,0.026748565171007682,0.24730004838387507
# success,3.0,3.0,3.0,3.0,3.0,3.0,3.0,3.0,3.0,3.0,3.0,3.0,3.0,3.0,3.0,3.0,3.0,3.0,3.0,3.0,3.0,3.0,2.0,3.0,2.0,2.0,3.0,3.0,3.0,3.0,3.0,3.0,3.0
