Legend,Volume/[m^3],Box size/[m],Temperature/[K],Number of wat,Number of Na,Number of Cl,Pressure/[Pa],Tot Energy/[kJ],Potential Energy/[kJ],Density/[kg/m^3],Molarity/[mol/l],Molality/[mol/kg],Viscosity shear/[Pa*s],Viscosity bulk/[Pa*s],Self diffusivity wat/[m^2/s],Self diffusivity Na/[m^2/s],Self diffusivity Cl/[m^2/s],Self diffusivity YH_cor wat/[m^2/s],Self diffusivity YH_cor Na/[m^2/s],Self diffusivity YH_cor Cl/[m^2/s],Onsager watwat/[m^2/s],Onsager watNa/[m^2/s],Onsager watCl/[m^2/s],Onsager NaNa/[m^2/s],Onsager NaCl/[m^2/s],Onsager ClCl/[m^2/s],E conduct NE/[S/m],E conduct NEYH_cor /[S/m],E conduct Ons/[S/m],sig ++/[S/m],sig +-/[S/m],sig --/[S/m]
Mean,3.12274e-26,3.14904311773817e-09,298.0009482666666,1000.0,36.0,36.0,-499171.6098915233,-58321.938343093345,-66018.97875613334,1069.9266666666667,1.9143255082553539,1.9983036622245116,0.0010767638357537836,0.0025101188864112976,1.788384248365066e-09,1.0623711176342193e-09,1.345796485770375e-09,1.971119643913924e-09,1.2451065131830775e-09,1.528531881319233e-09,1.9505144082276222e-10,-3.835494513859834e-11,-7.153087046064416e-11,3.04240864903561e-11,7.526662261423976e-16,3.6235097472511715e-11,17.32101121335178,19.949700205682078,14.276738439732252,6.516229397949827,-0.00016120601652863754,7.760831453815482
std,5.6515484603788874e-30,1.8997900700973878e-13,0.16406611437522514,0.0,0.0,0.0,3294482.0155353043,33.67865191925423,32.22448993428678,0.19392234413688292,0.00034649526074303393,0.0,2.4167284901606556e-05,0.0001570727907996101,3.14944044915558e-12,1.9791166000140237e-11,1.0183268517243264e-11,9.409326190516984e-13,2.35486191804715e-11,1.2267368105843631e-11,5.219385188607928e-12,2.615081076729773e-13,2.2588386946222207e-12,7.017395476115615e-13,1.9844165164082763e-13,1.1548054734634965e-12,0.16040278760945853,0.19133014390647046,0.30175992530793755,0.1503459785858189,0.04250222351335645,0.2473770724549548
# success,3.0,3.0,3.0,3.0,3.0,3.0,3.0,3.0,3.0,3.0,3.0,3.0,3.0,3.0,3.0,3.0,3.0,3.0,3.0,3.0,3.0,3.0,3.0,3.0,3.0,3.0,3.0,3.0,3.0,3.0,3.0,3.0
